timestamp,date,task,risk,estimated_tokens,status,engram_available,notes
2026-05-23T18:13:41-03:00,2026-05-23,session-start,low,800,0,0,0,PASS,True,projected_pct=2.67; actual_tracking=False
2026-05-24T09:30:47-03:00,2026-05-24,session-start,low,800,0,0,0,PASS,True,projected_pct=2.67; actual_tracking=False
2026-05-24T10:16:58-03:00,2026-05-24,session-start,low,800,0,0,0,PASS,True,projected_pct=5.33; actual_tracking=False
2026-05-25T22:48:14-03:00,2026-05-25,session-start,low,800,0,0,0,PASS,True,projected_pct=2.67; actual_tracking=False
2026-05-27T11:59:01-03:00,2026-05-27,session-start,low,800,0,0,0,PASS,True,projected_pct=2.67; actual_tracking=False
2026-05-27T19:55:35-03:00,2026-05-27,session-start,low,800,0,0,0,PASS,True,projected_pct=5.33; actual_tracking=False
2026-06-01T10:11:59-03:00,2026-06-01,session-start,low,800,0,0,0,PASS,True,projected_pct=2.67; actual_tracking=False
2026-06-02T13:28:19-03:00,2026-06-02,session-start,low,800,0,0,0,PASS,True,projected_pct=2.67; actual_tracking=False
2026-06-02T23:32:45-03:00,2026-06-02,session-start,low,800,0,0,0,PASS,True,projected_pct=5.33; actual_tracking=False
2026-06-03T00:01:25-03:00,2026-06-03,session-start,low,800,0,0,0,PASS,True,projected_pct=2.67; actual_tracking=False
2026-06-03T09:09:13-03:00,2026-06-03,session-start,low,800,0,0,0,PASS,True,projected_pct=5.33; actual_tracking=False
2026-06-03T23:13:03-03:00,2026-06-03,session-start,low,800,0,0,0,PASS,True,projected_pct=8; actual_tracking=False
